/*Inserts de 30 resgistros*/

-- Insertar registros en la tabla SUCURSALES
INSERT INTO SUCURSALES (ID_SUCURSAL, NOMBRE, DIRECCION, TELEFONO) VALUES (1, 'Sucursal Central', 'Avenida Central, San José', '2222-1111');
INSERT INTO SUCURSALES (ID_SUCURSAL, NOMBRE, DIRECCION, TELEFONO) VALUES (2, 'Sucursal Escazú', 'Multiplaza Escazú, Escazú', '2222-2222');
INSERT INTO SUCURSALES (ID_SUCURSAL, NOMBRE, DIRECCION, TELEFONO) VALUES (3, 'Sucursal Alajuela', 'City Mall, Alajuela', '2222-3333');
INSERT INTO SUCURSALES (ID_SUCURSAL, NOMBRE, DIRECCION, TELEFONO) VALUES (4, 'Sucursal Heredia', 'Paseo de las Flores, Heredia', '2222-4444');
INSERT INTO SUCURSALES (ID_SUCURSAL, NOMBRE, DIRECCION, TELEFONO) VALUES (5, 'Sucursal Cartago', 'Centro Comercial Paseo Metrópoli, Cartago', '2222-5555');
INSERT INTO SUCURSALES (ID_SUCURSAL, NOMBRE, DIRECCION, TELEFONO) VALUES (6, 'Sucursal Santa Ana', 'Centro Comercial Terrazas, Santa Ana', '2222-6666');
INSERT INTO SUCURSALES (ID_SUCURSAL, NOMBRE, DIRECCION, TELEFONO) VALUES (7, 'Sucursal Tibás', 'Plaza Tibás, Tibás', '2222-7777');
INSERT INTO SUCURSALES (ID_SUCURSAL, NOMBRE, DIRECCION, TELEFONO) VALUES (8, 'Sucursal Curridabat', 'Plaza del Sol, Curridabat', '2222-8888');
INSERT INTO SUCURSALES (ID_SUCURSAL, NOMBRE, DIRECCION, TELEFONO) VALUES (9, 'Sucursal Desamparados', 'Centro Comercial Expreso, Desamparados', '2222-9999');
INSERT INTO SUCURSALES (ID_SUCURSAL, NOMBRE, DIRECCION, TELEFONO) VALUES (10, 'Sucursal Liberia', 'Centro Comercial Plaza Santa Rosa, Liberia', '2666-1111');
INSERT INTO SUCURSALES (ID_SUCURSAL, NOMBRE, DIRECCION, TELEFONO) VALUES (11, 'Sucursal Nicoya', 'Centro de Nicoya, Nicoya', '2666-2222');
INSERT INTO SUCURSALES (ID_SUCURSAL, NOMBRE, DIRECCION, TELEFONO) VALUES (12, 'Sucursal San Carlos', 'Ciudad Quesada, San Carlos', '2460-3333');
INSERT INTO SUCURSALES (ID_SUCURSAL, NOMBRE, DIRECCION, TELEFONO) VALUES (13, 'Sucursal Puntarenas', 'Paseo de los Turistas, Puntarenas', '2661-4444');
INSERT INTO SUCURSALES (ID_SUCURSAL, NOMBRE, DIRECCION, TELEFONO) VALUES (14, 'Sucursal Jacó', 'Centro Comercial Jacó Walk, Jacó', '2661-5555');
INSERT INTO SUCURSALES (ID_SUCURSAL, NOMBRE, DIRECCION, TELEFONO) VALUES (15, 'Sucursal Pérez Zeledón', 'Centro Comercial Plaza Monte General, Pérez Zeledón', '2771-6666');
INSERT INTO SUCURSALES (ID_SUCURSAL, NOMBRE, DIRECCION, TELEFONO) VALUES (16, 'Sucursal Limón', 'Centro Comercial Limón Centro, Limón', '2758-7777');
INSERT INTO SUCURSALES (ID_SUCURSAL, NOMBRE, DIRECCION, TELEFONO) VALUES (17, 'Sucursal Guápiles', 'Plaza Guápiles, Guápiles', '2710-8888');
INSERT INTO SUCURSALES (ID_SUCURSAL, NOMBRE, DIRECCION, TELEFONO) VALUES (18, 'Sucursal Grecia', 'Centro Grecia, Grecia', '2494-9999');
INSERT INTO SUCURSALES (ID_SUCURSAL, NOMBRE, DIRECCION, TELEFONO) VALUES (19, 'Sucursal San Ramón', 'Centro San Ramón, San Ramón', '2445-0000');
INSERT INTO SUCURSALES (ID_SUCURSAL, NOMBRE, DIRECCION, TELEFONO) VALUES (20, 'Sucursal Quepos', 'Centro Comercial Marina Pez Vela, Quepos', '2777-1111');
INSERT INTO SUCURSALES (ID_SUCURSAL, NOMBRE, DIRECCION, TELEFONO) VALUES (21, 'Sucursal La Sabana', 'La Sabana, San José', '2250-1234');
INSERT INTO SUCURSALES (ID_SUCURSAL, NOMBRE, DIRECCION, TELEFONO) VALUES (22, 'Sucursal Escazú 2', 'Avenida Escazú, Escazú', '2255-2345');
INSERT INTO SUCURSALES (ID_SUCURSAL, NOMBRE, DIRECCION, TELEFONO) VALUES (23, 'Sucursal Hatillo', 'Centro Comercial Plaza América, Hatillo', '2288-3456');
INSERT INTO SUCURSALES (ID_SUCURSAL, NOMBRE, DIRECCION, TELEFONO) VALUES (24, 'Sucursal Pavas', 'Plaza Rohrmoser, Pavas', '2244-4567');
INSERT INTO SUCURSALES (ID_SUCURSAL, NOMBRE, DIRECCION, TELEFONO) VALUES (25, 'Sucursal Moravia', 'Lincoln Plaza, Moravia', '2299-5678');
INSERT INTO SUCURSALES (ID_SUCURSAL, NOMBRE, DIRECCION, TELEFONO) VALUES (26, 'Sucursal Tres Ríos', 'Centro Comercial Terramall, Tres Ríos', '2225-6789');
INSERT INTO SUCURSALES (ID_SUCURSAL, NOMBRE, DIRECCION, TELEFONO) VALUES (27, 'Sucursal Puriscal', 'Plaza Puriscal, Puriscal', '2416-7890');
INSERT INTO SUCURSALES (ID_SUCURSAL, NOMBRE, DIRECCION, TELEFONO) VALUES (28, 'Sucursal Sarapiquí', 'Centro Sarapiquí, Sarapiquí', '2766-8901');
INSERT INTO SUCURSALES (ID_SUCURSAL, NOMBRE, DIRECCION, TELEFONO) VALUES (29, 'Sucursal Turrialba', 'Centro Comercial Turrialba, Turrialba', '2556-9012');
INSERT INTO SUCURSALES (ID_SUCURSAL, NOMBRE, DIRECCION, TELEFONO) VALUES (30, 'Sucursal Orotina', 'Plaza Orotina, Orotina', '2424-0123');

-- Insertar registros en la tabla EMPLEADOS
INSERT INTO EMPLEADOS (ID_EMPLEADO, NOMBRE, APELLIDO, TELEFONO, ID_SUCURSAL) VALUES (1, 'Juan', 'Pérez', '8888-1111', 1);
INSERT INTO EMPLEADOS (ID_EMPLEADO, NOMBRE, APELLIDO, TELEFONO, ID_SUCURSAL) VALUES (2, 'María', 'Rodríguez', '8888-2222', 2);
INSERT INTO EMPLEADOS (ID_EMPLEADO, NOMBRE, APELLIDO, TELEFONO, ID_SUCURSAL) VALUES (3, 'Carlos', 'Fernández', '8888-3333', 3);
INSERT INTO EMPLEADOS (ID_EMPLEADO, NOMBRE, APELLIDO, TELEFONO, ID_SUCURSAL) VALUES (4, 'Ana', 'Gómez', '8888-4444', 4);
INSERT INTO EMPLEADOS (ID_EMPLEADO, NOMBRE, APELLIDO, TELEFONO, ID_SUCURSAL) VALUES (5, 'Luis', 'Jiménez', '8888-5555', 5);
INSERT INTO EMPLEADOS (ID_EMPLEADO, NOMBRE, APELLIDO, TELEFONO, ID_SUCURSAL) VALUES (6, 'Sofía', 'Hernández', '8888-6666', 6);
INSERT INTO EMPLEADOS (ID_EMPLEADO, NOMBRE, APELLIDO, TELEFONO, ID_SUCURSAL) VALUES (7, 'Diego', 'Rojas', '8888-7777', 7);
INSERT INTO EMPLEADOS (ID_EMPLEADO, NOMBRE, APELLIDO, TELEFONO, ID_SUCURSAL) VALUES (8, 'Laura', 'Ramírez', '8888-8888', 8);
INSERT INTO EMPLEADOS (ID_EMPLEADO, NOMBRE, APELLIDO, TELEFONO, ID_SUCURSAL) VALUES (9, 'David', 'Torres', '8888-9999', 9);
INSERT INTO EMPLEADOS (ID_EMPLEADO, NOMBRE, APELLIDO, TELEFONO, ID_SUCURSAL) VALUES (10, 'Andrea', 'Martínez', '8888-0000', 10);
INSERT INTO EMPLEADOS (ID_EMPLEADO, NOMBRE, APELLIDO, TELEFONO, ID_SUCURSAL) VALUES (11, 'Gabriel', 'Castro', '7777-1111', 11);
INSERT INTO EMPLEADOS (ID_EMPLEADO, NOMBRE, APELLIDO, TELEFONO, ID_SUCURSAL) VALUES (12, 'Elena', 'Vargas', '7777-2222', 12);
INSERT INTO EMPLEADOS (ID_EMPLEADO, NOMBRE, APELLIDO, TELEFONO, ID_SUCURSAL) VALUES (13, 'Sergio', 'Flores', '7777-3333', 13);
INSERT INTO EMPLEADOS (ID_EMPLEADO, NOMBRE, APELLIDO, TELEFONO, ID_SUCURSAL) VALUES (14, 'Camila', 'Cruz', '7777-4444', 14);
INSERT INTO EMPLEADOS (ID_EMPLEADO, NOMBRE, APELLIDO, TELEFONO, ID_SUCURSAL) VALUES (15, 'Jorge', 'Mora', '7777-5555', 15);
INSERT INTO EMPLEADOS (ID_EMPLEADO, NOMBRE, APELLIDO, TELEFONO, ID_SUCURSAL) VALUES (16, 'Daniela', 'Solano', '7777-6666', 16);
INSERT INTO EMPLEADOS (ID_EMPLEADO, NOMBRE, APELLIDO, TELEFONO, ID_SUCURSAL) VALUES (17, 'José', 'Cordero', '7777-7777', 17);
INSERT INTO EMPLEADOS (ID_EMPLEADO, NOMBRE, APELLIDO, TELEFONO, ID_SUCURSAL) VALUES (18, 'Valeria', 'Araya', '7777-8888', 18);
INSERT INTO EMPLEADOS (ID_EMPLEADO, NOMBRE, APELLIDO, TELEFONO, ID_SUCURSAL) VALUES (19, 'Ricardo', 'Aguilar', '7777-9999', 19);
INSERT INTO EMPLEADOS (ID_EMPLEADO, NOMBRE, APELLIDO, TELEFONO, ID_SUCURSAL) VALUES (20, 'Paula', 'Campos', '7777-0000', 20);
INSERT INTO EMPLEADOS (ID_EMPLEADO, NOMBRE, APELLIDO, TELEFONO, ID_SUCURSAL) VALUES (21, 'Esteban', 'Venegas', '6666-1111', 21);
INSERT INTO EMPLEADOS (ID_EMPLEADO, NOMBRE, APELLIDO, TELEFONO, ID_SUCURSAL) VALUES (22, 'Isabel', 'Murillo', '6666-2222', 22);
INSERT INTO EMPLEADOS (ID_EMPLEADO, NOMBRE, APELLIDO, TELEFONO, ID_SUCURSAL) VALUES (23, 'Oscar', 'Navarro', '6666-3333', 23);
INSERT INTO EMPLEADOS (ID_EMPLEADO, NOMBRE, APELLIDO, TELEFONO, ID_SUCURSAL) VALUES (24, 'Fabiola', 'Chaves', '6666-4444', 24);
INSERT INTO EMPLEADOS (ID_EMPLEADO, NOMBRE, APELLIDO, TELEFONO, ID_SUCURSAL) VALUES (25, 'Manuel', 'Arias', '6666-5555', 25);
INSERT INTO EMPLEADOS (ID_EMPLEADO, NOMBRE, APELLIDO, TELEFONO, ID_SUCURSAL) VALUES (26, 'Natalia', 'Blanco', '6666-6666', 26);
INSERT INTO EMPLEADOS (ID_EMPLEADO, NOMBRE, APELLIDO, TELEFONO, ID_SUCURSAL) VALUES (27, 'Héctor', 'León', '6666-7777', 27);
INSERT INTO EMPLEADOS (ID_EMPLEADO, NOMBRE, APELLIDO, TELEFONO, ID_SUCURSAL) VALUES (28, 'Fernanda', 'Zúñiga', '6666-8888', 28);
INSERT INTO EMPLEADOS (ID_EMPLEADO, NOMBRE, APELLIDO, TELEFONO, ID_SUCURSAL) VALUES (29, 'Enrique', 'Rojas', '6666-9999', 29);
INSERT INTO EMPLEADOS (ID_EMPLEADO, NOMBRE, APELLIDO, TELEFONO, ID_SUCURSAL) VALUES (30, 'Patricia', 'Mejía', '6666-0000', 30);

-- Insertar registros en la tabla CLIENTES
INSERT INTO CLIENTES (NOMBRE, APELLIDO, EMAIL, DIRECCION, TELEFONO) VALUES ('Juan', 'Pérez', 'juan.perez@example.com', 'Calle 1, San José', '8888-1111');
INSERT INTO CLIENTES (NOMBRE, APELLIDO, EMAIL, DIRECCION, TELEFONO) VALUES ('María', 'Rodríguez', 'maria.rodriguez@example.com', 'Avenida 3, Cartago', '8888-2222');
INSERT INTO CLIENTES (NOMBRE, APELLIDO, EMAIL, DIRECCION, TELEFONO) VALUES ('Carlos', 'Fernández', 'carlos.fernandez@example.com', 'Barrio 5, Heredia', '8888-3333');
INSERT INTO CLIENTES (NOMBRE, APELLIDO, EMAIL, DIRECCION, TELEFONO) VALUES ('Ana', 'Gómez', 'ana.gomez@example.com', 'Urbanización La Floresta, Alajuela', '8888-4444');
INSERT INTO CLIENTES (NOMBRE, APELLIDO, EMAIL, DIRECCION, TELEFONO) VALUES ('Luis', 'Jiménez', 'luis.jimenez@example.com', 'Residencial El Prado, Puntarenas', '8888-5555');
INSERT INTO CLIENTES (NOMBRE, APELLIDO, EMAIL, DIRECCION, TELEFONO) VALUES ('Sofía', 'Hernández', 'sofia.hernandez@example.com', 'Condominio Los Olivos, Liberia', '8888-6666');
INSERT INTO CLIENTES (NOMBRE, APELLIDO, EMAIL, DIRECCION, TELEFONO) VALUES ('Diego', 'Rojas', 'diego.rojas@example.com', 'Calle El Parque, Limón', '8888-7777');
INSERT INTO CLIENTES (NOMBRE, APELLIDO, EMAIL, DIRECCION, TELEFONO) VALUES ('Laura', 'Ramírez', 'laura.ramirez@example.com', 'Avenida Central, San José', '8888-8888');
INSERT INTO CLIENTES (NOMBRE, APELLIDO, EMAIL, DIRECCION, TELEFONO) VALUES ('David', 'Torres', 'david.torres@example.com', 'Residencial Los Robles, Grecia', '8888-9999');
INSERT INTO CLIENTES (NOMBRE, APELLIDO, EMAIL, DIRECCION, TELEFONO) VALUES ('Andrea', 'Martínez', 'andrea.martinez@example.com', 'Calle Nueva, Guápiles', '8888-0000');
INSERT INTO CLIENTES (NOMBRE, APELLIDO, EMAIL, DIRECCION, TELEFONO) VALUES ('Gabriel', 'Castro', 'gabriel.castro@example.com', 'Urbanización Vista Hermosa, Pérez Zeledón', '7777-1111');
INSERT INTO CLIENTES (NOMBRE, APELLIDO, EMAIL, DIRECCION, TELEFONO) VALUES ('Elena', 'Vargas', 'elena.vargas@example.com', 'Barrio Sur, Nicoya', '7777-2222');
INSERT INTO CLIENTES (NOMBRE, APELLIDO, EMAIL, DIRECCION, TELEFONO) VALUES ('Sergio', 'Flores', 'sergio.flores@example.com', 'Avenida Principal, Cañas', '7777-3333');
INSERT INTO CLIENTES (NOMBRE, APELLIDO, EMAIL, DIRECCION, TELEFONO) VALUES ('Camila', 'Cruz', 'camila.cruz@example.com', 'Calle 12, Tibás', '7777-4444');
INSERT INTO CLIENTES (NOMBRE, APELLIDO, EMAIL, DIRECCION, TELEFONO) VALUES ('Jorge', 'Mora', 'jorge.mora@example.com', 'Residencial Las Palmas, Quepos', '7777-5555');
INSERT INTO CLIENTES (NOMBRE, APELLIDO, EMAIL, DIRECCION, TELEFONO) VALUES ('Daniela', 'Solano', 'daniela.solano@example.com', 'Calle 5, San Carlos', '7777-6666');
INSERT INTO CLIENTES (NOMBRE, APELLIDO, EMAIL, DIRECCION, TELEFONO) VALUES ('José', 'Cordero', 'jose.cordero@example.com', 'Residencial El Prado, Liberia', '7777-7777');
INSERT INTO CLIENTES (NOMBRE, APELLIDO, EMAIL, DIRECCION, TELEFONO) VALUES ('Valeria', 'Araya', 'valeria.araya@example.com', 'Barrio Esmeralda, Alajuela', '7777-8888');
INSERT INTO CLIENTES (NOMBRE, APELLIDO, EMAIL, DIRECCION, TELEFONO) VALUES ('Ricardo', 'Aguilar', 'ricardo.aguilar@example.com', 'Urbanización Los Pinos, Turrialba', '7777-9999');
INSERT INTO CLIENTES (NOMBRE, APELLIDO, EMAIL, DIRECCION, TELEFONO) VALUES ('Paula', 'Campos', 'paula.campos@example.com', 'Condominio Brisas del Mar, Puntarenas', '7777-0000');
INSERT INTO CLIENTES (NOMBRE, APELLIDO, EMAIL, DIRECCION, TELEFONO) VALUES ('Esteban', 'Venegas', 'esteban.venegas@example.com', 'Avenida 4, San Ramón', '6666-1111');
INSERT INTO CLIENTES (NOMBRE, APELLIDO, EMAIL, DIRECCION, TELEFONO) VALUES ('Isabel', 'Murillo', 'isabel.murillo@example.com', 'Barrio Central, Sarapiquí', '6666-2222');
INSERT INTO CLIENTES (NOMBRE, APELLIDO, EMAIL, DIRECCION, TELEFONO) VALUES ('Oscar', 'Navarro', 'oscar.navarro@example.com', 'Calle Los Cedros, Heredia', '6666-3333');
INSERT INTO CLIENTES (NOMBRE, APELLIDO, EMAIL, DIRECCION, TELEFONO) VALUES ('Fabiola', 'Chaves', 'fabiola.chaves@example.com', 'Urbanización Santa Rosa, San José', '6666-4444');
INSERT INTO CLIENTES (NOMBRE, APELLIDO, EMAIL, DIRECCION, TELEFONO) VALUES ('Manuel', 'Arias', 'manuel.arias@example.com', 'Barrio La Loma, Alajuela', '6666-5555');
INSERT INTO CLIENTES (NOMBRE, APELLIDO, EMAIL, DIRECCION, TELEFONO) VALUES ('Natalia', 'Blanco', 'natalia.blanco@example.com', 'Avenida 2, Grecia', '6666-6666');
INSERT INTO CLIENTES (NOMBRE, APELLIDO, EMAIL, DIRECCION, TELEFONO) VALUES ('Héctor', 'León', 'hector.leon@example.com', 'Residencial Valle Verde, Cartago', '6666-7777');
INSERT INTO CLIENTES (NOMBRE, APELLIDO, EMAIL, DIRECCION, TELEFONO) VALUES ('Fernanda', 'Zúñiga', 'fernanda.zuniga@example.com', 'Calle Nueva, Limón', '6666-8888');
INSERT INTO CLIENTES (NOMBRE, APELLIDO, EMAIL, DIRECCION, TELEFONO) VALUES ('Enrique', 'Rojas', 'enrique.rojas@example.com', 'Urbanización La Paz, Quepos', '6666-9999');
INSERT INTO CLIENTES (NOMBRE, APELLIDO, EMAIL, DIRECCION, TELEFONO) VALUES ('Patricia', 'Mejía', 'patricia.mejia@example.com', 'Barrio Central, Puntarenas', '6666-0000');

